{
  "train_loss": [
    1.0097838493360989,
    0.9479776877407693,
    0.9240247997912938,
    0.9046585552510519,
    0.8817332276301793,
    0.8793925545011546,
    0.8641671400302285,
    0.8642682020769179,
    0.8478143825731806,
    0.8195856361562579,
    0.8017803194876867,
    0.7994903482828826,
    0.793827263700007,
    0.7816352273454945,
    0.7764080814041334,
    0.7626131901103419,
    0.762872103299148,
    0.7629794680276855,
    0.7447421964413813,
    0.7507565173256551,
    0.7420666923215228,
    0.740894379986092,
    0.7086219109242361,
    0.6995164428801689,
    0.6927594574937933,
    0.6810622977076054,
    0.6764702005793171,
    0.6518386397118577,
    0.6437198352807201,
    0.6465439363878087,
    0.6375577916595693,
    0.6311351558306127,
    0.6202614252313682,
    0.6235927022934481,
    0.6177058919290392,
    0.6165581781306096,
    0.6091447032994184,
    0.5976764964607527,
    0.5918172917504242,
    0.5951316423483941,
    0.5878078700872207,
    0.5797380275794122,
    0.5852061940047921,
    0.5759661839182403,
    0.57061726291681,
    0.5664389138994955,
    0.5681741366400757,
    0.5585269080767842,
    0.5605919752937215
  ],
  "val_loss": [
    1.0089670720003243,
    0.9681503859169428,
    1.0366391329955853,
    0.9612561018576096,
    0.9044858552564796,
    0.9202016838393725,
    1.128943609856966,
    0.9117696611740564,
    0.9142996782220587,
    0.8729341758499388,
    0.891694672052808,
    0.879290498353464,
    0.8538624061797466,
    0.8936934552832424,
    0.8704520703056055,
    0.8952166932889096,
    0.8350056302897606,
    0.8202616496040696,
    0.8564246524796659,
    0.8550198191087314,
    0.8244366834926429,
    0.8304622932286703,
    0.7918067649105422,
    0.795246352512832,
    0.7940736156381858,
    0.816096826973779,
    0.8185919252739094,
    0.8053167709032358,
    0.7896553739475554,
    0.7823757860010091,
    0.7853649763967601,
    0.778997505742679,
    0.7986634818136644,
    0.7890807282959352,
    0.808111579243422,
    0.8000228966503239,
    0.7917677073227599,
    0.7708660014472521,
    0.7608072296057028,
    0.7829035517556795,
    0.7912276661657852,
    0.7682841184531043,
    0.7941854747554934,
    0.7978101978228818,
    0.7951888810645086,
    0.801140379798447,
    0.7754823562644025,
    0.7977486112408614,
    0.7961635240709759
  ],
  "train_acc": [
    0.47887612797374896,
    0.5248154224774405,
    0.5447771397320208,
    0.5574241181296145,
    0.5704812687995625,
    0.5794366967459667,
    0.5875034181022696,
    0.588597210828548,
    0.5977577249111293,
    0.6097894449001914,
    0.6228465955701394,
    0.624829094886519,
    0.6278370248837846,
    0.6353568498769483,
    0.6379546076018594,
    0.6455427946404156,
    0.6444490019141372,
    0.6477303800929723,
    0.6539513262236806,
    0.6534727919059339,
    0.6539513262236806,
    0.6552502050861362,
    0.6753486464315013,
    0.6731610609789445,
    0.6841673502871206,
    0.6872436423297785,
    0.6907984686901832,
    0.704334153677878,
    0.7042657916324856,
    0.7024200164068909,
    0.7104183757178015,
    0.7091194968553459,
    0.7181432868471425,
    0.7168444079846868,
    0.7207410445720536,
    0.7190319934372437,
    0.7246376811594203,
    0.7319524200164069,
    0.7359857806945583,
    0.7258681979764835,
    0.7356439704675964,
    0.7415914684167351,
    0.7428903472791906,
    0.7428903472791906,
    0.7432321575061526,
    0.7451462947771398,
    0.744325950232431,
    0.7523926715887339,
    0.7469237079573421
  ],
  "val_acc": [
    0.49060598041810005,
    0.5265943371262238,
    0.49589838581635354,
    0.5186557290288436,
    0.571315162741466,
    0.5731675046308548,
    0.4982799682455676,
    0.5636411749139985,
    0.5482931992590633,
    0.5784599100291082,
    0.5866631383964012,
    0.5946017464937814,
    0.5975125694628208,
    0.5678750992326013,
    0.593278645144218,
    0.5975125694628208,
    0.620269912675311,
    0.6163006086266208,
    0.5980418100026462,
    0.6067742789097645,
    0.6118020640381053,
    0.625033077533739,
    0.6308547234718179,
    0.6327070653612067,
    0.6361471288700714,
    0.6379994707594602,
    0.6252976978036517,
    0.631648584281556,
    0.6432918761577137,
    0.6319132045514686,
    0.6533474464143953,
    0.6517597247949193,
    0.631648584281556,
    0.6469965599364912,
    0.652024345064832,
    0.6477904207462292,
    0.6401164329187615,
    0.6533474464143953,
    0.6615506747816883,
    0.6562582693834348,
    0.653612066684308,
    0.653612066684308,
    0.6541413072241333,
    0.6533474464143953,
    0.6541413072241333,
    0.654405927494046,
    0.6507012437152686,
    0.6586398518126488,
    0.6393225721090235
  ],
  "val_precision": [
    0.4718242636244419,
    0.5183485161050942,
    0.49105284393970683,
    0.5239012850848481,
    0.5640431343535278,
    0.5603073227810511,
    0.48774560900180547,
    0.55221523881958,
    0.5376831946393029,
    0.5662888977996755,
    0.5801675778729698,
    0.5870213725059062,
    0.5862805087375853,
    0.5760688846792438,
    0.5866475754965405,
    0.588399072348988,
    0.6121535926925148,
    0.614273708993341,
    0.5916309614478233,
    0.5961238092124255,
    0.6099074630822182,
    0.6139692599131656,
    0.6260547120909319,
    0.6260195724089352,
    0.627059250197819,
    0.6293906916855709,
    0.6176692832960976,
    0.6255354094257931,
    0.6399551499183973,
    0.6264689861312185,
    0.6462746762956327,
    0.6468942595199855,
    0.6257834492880828,
    0.6391717712141781,
    0.6465935319299038,
    0.6399962016366273,
    0.6334041576014432,
    0.6462011590277804,
    0.656238879464465,
    0.6523955042506523,
    0.6474379579138803,
    0.6489728361860474,
    0.6492966719872949,
    0.64503501222894,
    0.6508326992548629,
    0.6469173533404443,
    0.6462508895719319,
    0.651506720186953,
    0.6362096969777209
  ],
  "val_recall": [
    0.4985392574558734,
    0.521964810001011,
    0.5061946937482146,
    0.5329421011360199,
    0.5612732326347399,
    0.5701301445973176,
    0.5024094923838235,
    0.5529440779243632,
    0.5591075908898556,
    0.579990378423785,
    0.5844714499968674,
    0.5829131210570253,
    0.5956026637336014,
    0.5864891537875739,
    0.5972037718207238,
    0.6014342979110504,
    0.6148209864354774,
    0.611296472337516,
    0.6000337230139553,
    0.6051711380759517,
    0.614648178041229,
    0.6218362509055568,
    0.6283988489392178,
    0.6275853439917056,
    0.6379415300387011,
    0.6384001539814078,
    0.6296655450541502,
    0.6349014512204858,
    0.6447590342506853,
    0.6387531848570775,
    0.6519058026427896,
    0.6533204276648136,
    0.6360012738297424,
    0.6460573001730482,
    0.6522648091189202,
    0.6485908416798358,
    0.6472540894526128,
    0.6577781487083136,
    0.660326599813223,
    0.6575652210101388,
    0.6571667692380069,
    0.6549462885798857,
    0.6543732461375161,
    0.6534485479765854,
    0.6529386270549042,
    0.6547300948835787,
    0.655193102139568,
    0.6574784639766512,
    0.6458519810744003
  ],